{
  "r2": 0.6122917062807198,
  "rmse": 1399892.4264743964
}